Alan Wiley,1
Mike Riley,1
Steve Bennett,1
Uriah Rennie,1
Rob Styles,1
Barry Knight,1
Matt Messias,1
Neale Barry,1
Dermot Gallagher,1
Graham Poll,1
Jeff Winter,1
Andy D'Urso,1
Graham Barber,1
Paul Durkin,1
David Elleray,1
Steve Dunn,1
Mark Halsey,1
Santiago Jaime Latre ,2
Alberto Undiano Mallenco ,2
Iñaki Vicandi Garrido ,2
Alfonso Álvarez Izquierdo ,2
Antonio Mateu Lahoz ,2
Eduardo Prieto Iglesias ,2
Carlos Del Cerro Grande ,2
Javier Estrada Fernández ,2
David Fernández Borbalán ,2
José González González ,2
Alejandro Hernández Hernández ,2
Pedro Pérez Montero ,2
Fernando Teixeira Vitienes ,2
Carlos Velasco Carballo ,2
Carlos Clos Gómez ,2
Jesús Gil Manzano ,2
Juan Martínez Munuera ,2
Mario Melero López ,2
Ignacio Iglesias Villanueva ,2
José Teixeira Vitienes,2
